"ID","photo","pl_code","lumMean","lumSD","lwMean","lwSD","mwMean","mwSD","swMean","swSD","uvMean","uvSD","dblMean","dblSD","area","N","County","State.Province"
"608335","crown","c",0.067,0.021,0.054,0.016,0.071,0.022,0.088,0.03,0.146,0.044,0.067,0.021,84689,1,"Potter","PA"
"608335","dorsal","d",0.079,0.01,0.0703333333333333,0.00766666666666667,0.081,0.011,0.095,0.015,0.113,0.0106666666666667,0.079,0.01,30110,3,"Potter","PA"
"608335","side","o",0.086,0.011,0.087,0.012,0.087,0.013,0.091,0.011,0.102,0.011,0.086,0.011,18029,1,"Potter","PA"
"608335","side","w",0.47,0.115,0.487,0.125,0.478,0.12,0.383,0.08,0.41,0.103,0.47,0.115,35232,1,"Potter","PA"
"608335","ventral","b",0.374,0.0563333333333333,0.386333333333333,0.0596666666666667,0.380333333333333,0.0586666666666667,0.311,0.0466666666666667,0.364,0.0573333333333333,0.374,0.0563333333333333,32165.3333333333,3,"Potter","PA"
"608335","ventral","t",0.048,0.006,0.043,0.007,0.05,0.007,0.061,0.008,0.057,0.008,0.048,0.006,87733,1,"Potter","PA"
"608336","crown","c",0.072,0.03,0.057,0.024,0.076,0.033,0.092,0.037,0.154,0.052,0.072,0.03,115372,1,"Potter","PA"
"608336","dorsal","d",0.0783333333333333,0.014,0.073,0.013,0.081,0.015,0.0913333333333333,0.015,0.108666666666667,0.0173333333333333,0.0783333333333333,0.014,33985.6666666667,3,"Potter","PA"
"608336","side","o",0.081,0.006,0.081,0.008,0.082,0.007,0.088,0.008,0.095,0.005,0.081,0.006,7739,1,"Potter","PA"
"608336","side","w",0.453,0.106,0.478,0.115,0.463,0.11,0.353,0.071,0.354,0.082,0.453,0.106,67042,1,"Potter","PA"
"608336","ventral","b",0.440333333333333,0.0426666666666667,0.455666666666667,0.046,0.440666666666667,0.0456666666666667,0.378333333333333,0.0383333333333333,0.436,0.044,0.440333333333333,0.0426666666666667,32324.3333333333,3,"Potter","PA"
"608336","ventral","t",0.048,0.005,0.042,0.006,0.048,0.006,0.067,0.009,0.055,0.005,0.048,0.005,77405,1,"Potter","PA"
"608338","crown","c",0.081,0.028,0.066,0.024,0.086,0.031,0.1,0.033,0.17,0.045,0.081,0.028,76993,1,"Potter","PA"
"608338","dorsal","d",0.08,0.00866666666666667,0.072,0.008,0.0826666666666667,0.01,0.0946666666666667,0.0126666666666667,0.113333333333333,0.0113333333333333,0.08,0.00866666666666667,32894.3333333333,3,"Potter","PA"
"608338","side","o",0.078,0.01,0.076,0.013,0.08,0.011,0.087,0.008,0.1,0.012,0.078,0.01,4366,1,"Potter","PA"
"608338","side","w",0.511,0.102,0.529,0.109,0.522,0.107,0.41,0.068,0.433,0.086,0.511,0.102,59852,1,"Potter","PA"
"608338","ventral","b",0.416333333333333,0.043,0.425666666666667,0.0463333333333333,0.422666666666667,0.046,0.353,0.0353333333333333,0.436666666666667,0.0446666666666667,0.416333333333333,0.043,32948.3333333333,3,"Potter","PA"
"608338","ventral","t",0.052,0.005,0.047,0.006,0.054,0.007,0.067,0.009,0.062,0.006,0.052,0.005,101278,1,"Potter","PA"
"608340","crown","c",0.062,0.021,0.052,0.018,0.066,0.021,0.074,0.024,0.111,0.038,0.062,0.021,109825,1,"Potter","PA"
"608340","dorsal","d",0.083,0.0103333333333333,0.078,0.009,0.085,0.0113333333333333,0.0946666666666667,0.013,0.11,0.013,0.083,0.0103333333333333,34231.3333333333,3,"Potter","PA"
"608340","side","o",0.089,0.009,0.088,0.009,0.091,0.011,0.094,0.011,0.109,0.009,0.089,0.009,19914,1,"Potter","PA"
"608340","side","w",0.414,0.099,0.434,0.106,0.426,0.104,0.321,0.069,0.356,0.088,0.414,0.099,27006,1,"Potter","PA"
"608340","ventral","b",0.412333333333333,0.0366666666666667,0.431666666666667,0.0416666666666667,0.423,0.0403333333333333,0.324333333333333,0.0316666666666667,0.376333333333333,0.0363333333333333,0.412333333333333,0.0366666666666667,33366.3333333333,3,"Potter","PA"
"608340","ventral","t",0.05,0.006,0.044,0.007,0.052,0.007,0.066,0.009,0.061,0.007,0.05,0.006,153773,1,"Potter","PA"
"608346","crown","c",0.086,0.033,0.071,0.03,0.09,0.036,0.105,0.032,0.174,0.051,0.086,0.033,103706,1,"Potter","PA"
"608346","dorsal","d",0.0883333333333333,0.0156666666666667,0.0836666666666667,0.0183333333333333,0.0906666666666667,0.0163333333333333,0.099,0.012,0.115,0.022,0.0883333333333333,0.0156666666666667,34788,3,"Potter","PA"
"608346","side","o",0.084,0.009,0.085,0.011,0.086,0.01,0.089,0.01,0.105,0.011,0.084,0.009,19147,1,"Potter","PA"
"608346","side","w",0.417,0.069,0.427,0.072,0.424,0.072,0.35,0.058,0.41,0.093,0.417,0.069,36463,1,"Potter","PA"
"608346","ventral","b",0.364,0.041,0.375666666666667,0.0436666666666667,0.37,0.043,0.304333333333333,0.0353333333333333,0.348333333333333,0.0446666666666667,0.364,0.041,32132.6666666667,3,"Potter","PA"
"608346","ventral","t",0.048,0.005,0.043,0.006,0.049,0.007,0.063,0.008,0.057,0.006,0.048,0.005,88198,1,"Potter","PA"
"608347","crown","c",0.099,0.028,0.083,0.03,0.104,0.029,0.119,0.027,0.197,0.063,0.099,0.028,85169,1,"Potter","PA"
"608347","dorsal","d",0.0823333333333333,0.018,0.0746666666666667,0.0153333333333333,0.0843333333333333,0.021,0.0976666666666667,0.0223333333333333,0.121,0.0153333333333333,0.0823333333333333,0.018,34809.6666666667,3,"Potter","PA"
"608347","side","o",0.07,0.011,0.066,0.012,0.072,0.013,0.083,0.012,0.092,0.01,0.07,0.011,22124,1,"Potter","PA"
"608347","side","w",0.431,0.109,0.44,0.115,0.436,0.112,0.367,0.083,0.433,0.103,0.431,0.109,74721,1,"Potter","PA"
"608347","ventral","b",0.429666666666667,0.0426666666666667,0.439,0.0453333333333333,0.434666666666667,0.0456666666666667,0.365,0.0366666666666667,0.437,0.035,0.429666666666667,0.0426666666666667,34104.3333333333,3,"Potter","PA"
"608347","ventral","t",0.05,0.005,0.044,0.006,0.051,0.007,0.067,0.009,0.06,0.006,0.05,0.005,126733,1,"Potter","PA"
"608348","crown","c",0.058,0.019,0.047,0.016,0.062,0.021,0.073,0.022,0.113,0.032,0.058,0.019,112709,1,"Potter","PA"
"608348","side","o",0.087,0.01,0.088,0.011,0.089,0.011,0.091,0.009,0.1,0.009,0.087,0.01,12824,1,"Potter","PA"
"608348","side","w",0.366,0.068,0.368,0.068,0.37,0.072,0.321,0.057,0.401,0.083,0.366,0.068,29430,1,"Potter","PA"
"608348","ventral","b",0.423,0.0383333333333333,0.448666666666667,0.0413333333333333,0.433,0.042,0.327,0.036,0.343333333333333,0.0453333333333333,0.423,0.0383333333333333,32588,3,"Potter","PA"
"608348","ventral","t",0.049,0.006,0.043,0.007,0.05,0.008,0.065,0.009,0.056,0.007,0.049,0.006,76452,1,"Potter","PA"
"608350","crown","c",0.082,0.026,0.066,0.025,0.086,0.027,0.102,0.026,0.169,0.053,0.082,0.026,75622,1,"Potter","PA"
"608350","dorsal","d",0.0806666666666667,0.0186666666666667,0.072,0.0143333333333333,0.084,0.021,0.096,0.0266666666666667,0.121333333333333,0.016,0.0806666666666667,0.0186666666666667,34109.6666666667,3,"Potter","PA"
"608350","side","o",0.076,0.012,0.07,0.012,0.077,0.014,0.089,0.015,0.101,0.014,0.076,0.012,15907,1,"Potter","PA"
"608350","side","w",0.486,0.097,0.501,0.104,0.49,0.1,0.405,0.074,0.46,0.106,0.486,0.097,60439,1,"Potter","PA"
"608350","ventral","b",0.383333333333333,0.033,0.395666666666667,0.0353333333333333,0.389666666666667,0.0353333333333333,0.322,0.0323333333333333,0.361333333333333,0.0446666666666667,0.383333333333333,0.033,34257,3,"Potter","PA"
"608350","ventral","t",0.049,0.005,0.044,0.006,0.051,0.007,0.066,0.009,0.06,0.006,0.049,0.005,129242,1,"Potter","PA"
"612897","crown","c",0.07439932,0.027422544,0.06036331,0.022795862,0.078054415,0.028271812,0.094049568,0.035185818,0.151443745,0.051590141,0.07439932,0.027422544,103514,1,"Carter","TN"
"612898","crown","c",0.057063329,0.023279897,0.046302521,0.020848176,0.06066089,0.024775637,0.072392625,0.025571716,0.105479465,0.044681852,0.057063329,0.023279897,73526,1,"Carter","TN"
"612907","dorsal","d",0.0805390513333333,0.0176322503333333,0.071304566,0.0132866126666667,0.0829919866666667,0.0196399833333333,0.0978103103333333,0.022822437,0.120418045,0.016892858,0.0805390513333333,0.0176322503333333,36934,3,"Unicoi","TN"
"612907","dorsal","f",0.081717146,0.019063876,0.071799144,0.014817961,0.084170365,0.021021109,0.099935232,0.024524686,0.122744793,0.019659221,0.081717146,0.019063876,515134,1,"Unicoi","TN"
"612907","side","o",0.076103729,0.020894555,0.068319669,0.019442707,0.078263556,0.02208813,0.092504908,0.023806773,0.111419604,0.030543461,0.076103729,0.020894555,84970,1,"Unicoi","TN"
"612907","side","w",0.381443214,0.178566169,0.390420311,0.186716191,0.389456655,0.181340491,0.320762093,0.133635206,0.457102855,0.075887414,0.381443214,0.178566169,66104,1,"Unicoi","TN"
"612907","ventral","b",0.418184836,0.0379605053333333,0.424463841,0.0396952963333333,0.420656471,0.04033327,0.365223750666667,0.0349949783333333,0.449265557666667,0.0432819163333333,0.418184836,0.0379605053333333,35605.6666666667,3,"Unicoi","TN"
"612907","ventral","t",0.049912898,0.006282525,0.044017285,0.006904875,0.05129137,0.00745652,0.066941285,0.009264383,0.060880489,0.007690654,0.049912898,0.006282525,156864,1,"Unicoi","TN"
"612907","ventral","v",0.328386935,0.093686027,0.329282944,0.09830887,0.330598027,0.094577912,0.297817221,0.075762111,0.38755187,0.105811668,0.328386935,0.093686027,1402791,1,"Unicoi","TN"
"612911","crown","c",0.068495532,0.021897332,0.057583308,0.021658386,0.071590245,0.022653315,0.085551269,0.022644178,0.124824659,0.043464955,0.068495532,0.021897332,81193,1,"Carter","TN"
"612911","dorsal","Scale Bar:373.4608:10",0.202447405,0.032783781,0,0,0,0,0,0,0,0,0,0,371,1,"Carter","TN"
"612911","side","o",0.091203828,0.063791427,0.091111616,0.06877737,0.092286503,0.064542181,0.097318692,0.049787261,0.09811305,0.036525207,0.091203828,0.063791427,10177,1,"Carter","TN"
"612911","side","w",0.419589828,0.12878182,0.435810976,0.138481367,0.424095412,0.131719052,0.351654589,0.094715005,0.386866886,0.079778083,0.419589828,0.12878182,48111,1,"Carter","TN"
"612911","ventral","b",0.389262593666667,0.0400970216666667,0.397293064333333,0.0433231183333333,0.391814423666667,0.042244416,0.34081562,0.0345247906666667,0.408210309333333,0.0508753816666667,0.389262593666667,0.0400970216666667,33865.3333333333,3,"Carter","TN"
"612911","ventral","t",0.052049725,0.008224386,0.047302088,0.009810408,0.05323035,0.009085472,0.06816577,0.009668352,0.062771302,0.007728052,0.052049725,0.008224386,193628,1,"Carter","TN"
"612912","dorsal","d",0.0363721276666667,0.00952108433333333,0.0233983183333333,0.00950869233333333,0.0326125906666667,0.011249047,0.082621955,0.0116300653333333,0.0723540096666667,0.014186669,0.0363721276666667,0.00952108433333333,37003.6666666667,3,"Carter","TN"
"612912","side","o",0.063955168,0.018002633,0.051157232,0.015457627,0.06211706,0.019490929,0.100952338,0.020436744,0.113128373,0.03191214,0.063955168,0.018002633,87308,1,"Carter","TN"
"612912","side","w",0.498295572,0.122353013,0.517532077,0.129915157,0.513930916,0.130434929,0.385769507,0.078531858,0.42825592,0.177014476,0.498295572,0.122353013,56646,1,"Carter","TN"
"612912","ventral","b",0.391950656333333,0.0561899676666667,0.399054928666667,0.0594486496666667,0.395614638,0.058301552,0.340218557333333,0.044785552,0.409660749666667,0.0550858916666667,0.391950656333333,0.0561899676666667,33924.6666666667,3,"Carter","TN"
"612912","ventral","t",0.05611923,0.010587216,0.05162805,0.013542725,0.057559146,0.011373529,0.070086723,0.009545332,0.064146832,0.008633404,0.05611923,0.010587216,214487,1,"Carter","TN"
"612914","crown","c",0.081825516,0.034266922,0.065394396,0.029278391,0.086692288,0.037251378,0.100811318,0.037259116,0.168594253,0.051708264,0.081825516,0.034266922,78743,1,"Carter","TN"
"612914","dorsal","d",0.0537810333333333,0.007340552,0.0484666303333333,0.00640944266666667,0.054830321,0.00818820633333333,0.0715513833333333,0.010135481,0.0717372173333333,0.009375003,0.0537810333333333,0.007340552,34721.3333333333,3,"Carter","TN"
"612914","side","o",0.066196345,0.018325141,0.062907014,0.020551184,0.067202679,0.018892489,0.079948796,0.015009758,0.08369876,0.012519391,0.066196345,0.018325141,56848,1,"Carter","TN"
"612914","side","w",0.344051502,0.095425415,0.355304224,0.102754974,0.347362425,0.097906896,0.298599863,0.069759671,0.3335214,0.070265006,0.344051502,0.095425415,76831,1,"Carter","TN"
"612914","ventral","b",0.404969289333333,0.0377651046666667,0.420588764666667,0.0390935113333333,0.407073888333333,0.0392954896666667,0.344764882333333,0.038162907,0.386621930333333,0.0569800626666667,0.404969289333333,0.0377651046666667,33132,3,"Carter","TN"
"612914","ventral","t",0.049915003,0.005591444,0.044642888,0.006530399,0.051013784,0.00658281,0.067220781,0.008295058,0.062009945,0.008708099,0.049915003,0.005591444,234394,1,"Carter","TN"
"612915","crown","c",0.064874383,0.019213682,0.055433495,0.019930074,0.068523583,0.019734551,0.077520466,0.018282263,0.106846602,0.034998986,0.064874383,0.019213682,115616,1,"Carter","TN"
"612918","dorsal","d",0.480026275666667,0.094039749,0.432488853666667,0.078858182,0.445837929,0.0975220386666667,0.625324521,0.132787248333333,0.127563791666667,0.0188345013333333,0.480026275666667,0.094039749,35665.3333333333,3,"Unicoi","TN"
"612918","dorsal","f",0.48624383,0.101911739,0.440156472,0.096145996,0.451561221,0.104427201,0.630215139,0.133621487,0.127898879,0.020097329,0.48624383,0.101911739,383044,1,"Unicoi","TN"
"612918","side","o",0.077229128,0.01872654,0.069957548,0.014863432,0.078123953,0.020529102,0.097844435,0.026470933,0.114430675,0.029519238,0.077229128,0.01872654,33416,1,"Unicoi","TN"
"612918","side","w",0.372254532,0.124837559,0.376281874,0.120636587,0.380328446,0.134072251,0.31610548,0.092469565,0.351064644,0.092818796,0.372254532,0.124837559,47631,1,"Unicoi","TN"
"612918","ventral","b",0.358807203666667,0.042003548,0.367612220666667,0.045615986,0.35981001,0.044559283,0.316065033666667,0.0363522266666667,0.385136152333333,0.040958831,0.358807203666667,0.042003548,32913.3333333333,3,"Unicoi","TN"
"612918","ventral","t",0.051313993,0.005952731,0.04647037,0.006930612,0.05204954,0.00721237,0.070084319,0.009278968,0.061990897,0.006890406,0.051313993,0.005952731,151378,1,"Unicoi","TN"
"612918","ventral","v",0.295316715,0.083227059,0.299801582,0.089426663,0.296668897,0.084392268,0.268012728,0.064745542,0.325057092,0.082472018,0.295316715,0.083227059,936768,1,"Unicoi","TN"
"612928","dorsal","d",0.0620656753333333,0.00998181533333333,0.057066267,0.009064186,0.0632489016666667,0.0109977233333333,0.0793395093333333,0.013260928,0.0858171663333333,0.015266819,0.0620656753333333,0.00998181533333333,35848,3,"Unicoi","TN"
"612928","dorsal","f",0.062542823,0.011593461,0.057194464,0.010527664,0.06369009,0.012502534,0.080461763,0.014624662,0.087148884,0.018196522,0.062542823,0.011593461,407002,1,"Unicoi","TN"
"612928","side","o",0.072480394,0.01300234,0.066772599,0.010793091,0.073665562,0.013793562,0.089974431,0.018197316,0.104348552,0.02655709,0.072480394,0.01300234,36938,1,"Unicoi","TN"
"612928","side","w",0.385995077,0.11067423,0.392422822,0.115361646,0.39035108,0.112509104,0.334646056,0.085802567,0.390259734,0.085381674,0.385995077,0.11067423,48468,1,"Unicoi","TN"
"612928","ventral","b",0.355774744,0.0373724766666667,0.361276763,0.0386903636666667,0.358451455,0.0393892213333333,0.315856427,0.0345611046666667,0.359569042333333,0.0427470583333333,0.355774744,0.0373724766666667,35100.3333333333,3,"Unicoi","TN"
"612928","ventral","t",0.051333764,0.006160925,0.046694286,0.006809495,0.052169536,0.007296115,0.069486217,0.008976394,0.064644277,0.007813905,0.051333764,0.006160925,311199,1,"Unicoi","TN"
"612928","ventral","v",0.31826793,0.076277539,0.320831815,0.081744275,0.320452597,0.07742967,0.288766606,0.059495441,0.340270599,0.073420869,0.31826793,0.076277539,775738,1,"Unicoi","TN"
"612930","dorsal","d",0.0601104256666667,0.0119252883333333,0.0547112456666667,0.0111032673333333,0.0609182536666667,0.0130621606666667,0.078390746,0.013311586,0.0842080496666667,0.014912595,0.0601104256666667,0.0119252883333333,34785.6666666667,3,"Unicoi","TN"
"612930","dorsal","f",0.06319875,0.013896993,0.057502738,0.013033821,0.064042924,0.015123699,0.081607179,0.015195746,0.089272745,0.017504555,0.06319875,0.013896993,233965,1,"Unicoi","TN"
"612930","side","o",0.081711492,0.013545977,0.074102301,0.011450152,0.082677554,0.013908735,0.101526303,0.018035075,0.12173893,0.023811844,0.081711492,0.013545977,70051,1,"Unicoi","TN"
"612930","side","w",0.389753641,0.120488528,0.402012515,0.128303519,0.389649855,0.121157156,0.343748384,0.092724349,0.343917189,0.125746402,0.389753641,0.120488528,34828,1,"Unicoi","TN"
"612930","ventral","b",0.373826195333333,0.0480599123333333,0.390455555666667,0.0525761726666667,0.374919106333333,0.0496352716666667,0.319838316,0.0420504983333333,0.347263316333333,0.0499037476666667,0.373826195333333,0.0480599123333333,34995,3,"Unicoi","TN"
"612930","ventral","t",0.047966753,0.005608355,0.041831266,0.006193306,0.04890263,0.006854831,0.067042782,0.009199012,0.058284477,0.006832652,0.047966753,0.005608355,150930,1,"Unicoi","TN"
"612930","ventral","v",0.314850668,0.102408809,0.323067432,0.112213157,0.314677191,0.102595463,0.284438736,0.078631786,0.321529997,0.084073162,0.314850668,0.102408809,788140,1,"Unicoi","TN"
"612931","dorsal","d",0.074414778,0.0109140743333333,0.0684699443333333,0.009590404,0.0761918373333333,0.0117173666666667,0.0890982606666667,0.013978613,0.105351381333333,0.0110193653333333,0.074414778,0.0109140743333333,34165.6666666667,3,"Unicoi","TN"
"612931","dorsal","f",0.072690742,0.01134412,0.066537937,0.009860876,0.074454561,0.012141279,0.087923422,0.014556569,0.101724472,0.012399053,0.072690742,0.01134412,362438,1,"Unicoi","TN"
"612931","side","o",0.074379583,0.015618182,0.068611787,0.014359402,0.075989489,0.016519262,0.089348996,0.019059056,0.105553828,0.027893191,0.074379583,0.015618182,61134,1,"Unicoi","TN"
"612931","side","w",0.313856801,0.074564323,0.314267582,0.072302863,0.315313646,0.075039241,0.28992646,0.070448891,0.401431492,0.091194503,0.313856801,0.074564323,31940,1,"Unicoi","TN"
"612931","ventral","b",0.313541610333333,0.0382547083333333,0.322551699,0.041449357,0.315777472,0.0399230543333333,0.277951761333333,0.032896155,0.314521954333333,0.0317916376666667,0.313541610333333,0.0382547083333333,35480.3333333333,3,"Unicoi","TN"
"612931","ventral","t",0.058043059,0.009137775,0.054241472,0.010736294,0.059094884,0.010103605,0.072250387,0.010440968,0.069751966,0.009264391,0.058043059,0.009137775,278575,1,"Unicoi","TN"
"612931","ventral","v",0.297543815,0.071961251,0.304798142,0.076244618,0.299217644,0.072556373,0.26733536,0.05928002,0.317578599,0.076557697,0.297543815,0.071961251,873758,1,"Unicoi","TN"
"612932","dorsal","d",0.072462249,0.0112745206666667,0.065085166,0.012739381,0.0739264313333333,0.0118929436666667,0.0907006783333333,0.011461154,0.104457896666667,0.0234486873333333,0.072462249,0.0112745206666667,36386.6666666667,3,"Unicoi","TN"
"612932","dorsal","f",0.073607356,0.011962918,0.066187403,0.013219792,0.075108321,0.012585004,0.091660544,0.012105502,0.106813279,0.024438535,0.073607356,0.011962918,482240,1,"Unicoi","TN"
"612932","side","o",0.085012218,0.023916458,0.074982395,0.019294835,0.086621324,0.026615784,0.105600529,0.02837377,0.130215815,0.037054706,0.085012218,0.023916458,76598,1,"Unicoi","TN"
"612932","side","w",0.49396793,0.117504067,0.513902833,0.124965608,0.498652943,0.120336566,0.408487387,0.086196072,0.445243276,0.092144578,0.49396793,0.117504067,47626,1,"Unicoi","TN"
"612932","ventral","b",0.398215456666667,0.0502908036666667,0.408235883666667,0.0561274706666667,0.400216797333333,0.0525145223333333,0.346809496333333,0.039667804,0.429448060666667,0.0459645563333333,0.398215456666667,0.0502908036666667,33926.3333333333,3,"Unicoi","TN"
"612932","ventral","t",0.050756222,0.010214304,0.045197054,0.01122166,0.051925281,0.011088088,0.067865366,0.012211711,0.061796391,0.011359755,0.050756222,0.010214304,189429,1,"Unicoi","TN"
"612932","ventral","v",0.351064114,0.0789041,0.356930182,0.085377554,0.352711993,0.079873562,0.313552933,0.061479434,0.395043643,0.082726039,0.351064114,0.0789041,880897,1,"Unicoi","TN"
"612933","dorsal","d",0.0535544003333333,0.00704010366666667,0.0479670946666667,0.00666678633333333,0.0545327473333333,0.007778557,0.0714646803333333,0.008619114,0.0718197126666667,0.00876604933333333,0.0535544003333333,0.00704010366666667,34723,3,"Unicoi","TN"
"612933","dorsal","f",0.055686052,0.009030165,0.049751274,0.008296469,0.056689023,0.009821774,0.07391124,0.01073849,0.07587549,0.011106237,0.055686052,0.009030165,441731,1,"Unicoi","TN"
"612933","side","o",0.072237444,0.015544541,0.063345229,0.011974485,0.073670829,0.016521726,0.092786286,0.022855097,0.109291681,0.028314002,0.072237444,0.015544541,10713,1,"Unicoi","TN"
"612933","side","w",0.457539539,0.138348807,0.469171649,0.147657965,0.458662018,0.140030421,0.39610853,0.105896576,0.460299184,0.119311856,0.457539539,0.138348807,78097,1,"Unicoi","TN"
"612933","ventral","b",0.397507729333333,0.038507947,0.407568883,0.0406676036666667,0.396670491333333,0.0411229003333333,0.353125326333333,0.0368854493333333,0.424038224333333,0.0475231483333333,0.397507729333333,0.038507947,34976,3,"Unicoi","TN"
"612933","ventral","t",0.053507539,0.008329086,0.047646766,0.00992873,0.054445439,0.00954171,0.071535511,0.011042178,0.06617945,0.009759723,0.053507539,0.008329086,233631,1,"Unicoi","TN"
"612933","ventral","v",0.338783902,0.093601771,0.344503333,0.1016451,0.338489339,0.094267378,0.308876059,0.072592629,0.37076935,0.084935638,0.338783902,0.093601771,1032478,1,"Unicoi","TN"
"612941","dorsal","d",0.0628515826666667,0.013889632,0.0558025503333333,0.0142052473333333,0.064092837,0.0146939443333333,0.081873186,0.01421652,0.091707472,0.0227990166666667,0.0628515826666667,0.013889632,33673.6666666667,3,"Unicoi","TN"
"612941","dorsal","f",0.066062512,0.01482365,0.058618736,0.01528896,0.067308339,0.015666518,0.085468675,0.015091214,0.09792496,0.024879112,0.066062512,0.01482365,340829,1,"Unicoi","TN"
"612941","side","o",0.081207583,0.043298063,0.073098948,0.044042663,0.081921082,0.043029309,0.101678657,0.039528755,0.116325027,0.036339123,0.081207583,0.043298063,58932,1,"Unicoi","TN"
"612941","side","w",0.493537139,0.113483023,0.501957734,0.11940166,0.490139674,0.113747446,0.434786479,0.089452714,0.5389458,0.149842979,0.493537139,0.113483023,65113,1,"Unicoi","TN"
"612941","ventral","b",0.379533713,0.072871433,0.386383908666667,0.075905838,0.378194778333333,0.072486303,0.342670667,0.067994231,0.428165536333333,0.075042522,0.379533713,0.072871433,36079.3333333333,3,"Unicoi","TN"
"612941","ventral","t",0.051250917,0.00657233,0.045769827,0.007391915,0.052420463,0.007841174,0.068177027,0.009802761,0.064015076,0.009437102,0.051250917,0.00657233,239621,1,"Unicoi","TN"
"612941","ventral","v",0.279670891,0.122852187,0.281159329,0.128966087,0.279789956,0.122356045,0.261479952,0.101649138,0.330214066,0.127981867,0.279670891,0.122852187,1126976,1,"Unicoi","TN"
"614261","dorsal","d",0.0542302163333333,0.012940385,0.0509569086666667,0.0105548853333333,0.0555492453333333,0.013457409,0.0679298063333333,0.0182499056666667,0.0791499123333333,0.013239231,0.0542302163333333,0.012940385,35976,3,"York","NB"
"614261","dorsal","f",0.054865993,0.013368452,0.051403116,0.010847863,0.056194783,0.01390787,0.068813847,0.018864293,0.080359762,0.014080562,0.054865993,0.013368452,260853,1,"York","NB"
"614261","side","w",0.413835739,0.148100671,0.428775963,0.159565628,0.410387822,0.147244681,0.363773745,0.116911008,0.360831627,0.092226711,0.413835739,0.148100671,104601,1,"York","NB"
"614261","ventral","b",0.347211915333333,0.072981136,0.354981790333333,0.0771377733333333,0.341946002,0.0726042786666667,0.320374690333333,0.0628298656666667,0.351030622333333,0.0586266513333333,0.347211915333333,0.072981136,33675.3333333333,3,"York","NB"
"614261","ventral","t",0.036154091,0.007236419,0.035305181,0.007605114,0.037505878,0.008075592,0.046377213,0.009685381,0.047273784,0.009400277,0.036154091,0.007236419,139245,1,"York","NB"
"614261","ventral","v",0.32010093,0.109278011,0.326898378,0.114026222,0.315281117,0.10693068,0.297765657,0.096696813,0.322488396,0.106466851,0.32010093,0.109278011,1311355,1,"York","NB"
"614262","dorsal","d",0.0729220036666667,0.028701769,0.0652931626666667,0.0252684463333333,0.07418135,0.031799707,0.0926763346666667,0.033411171,0.110703620666667,0.0229596666666667,0.0729220036666667,0.028701769,35492.3333333333,3,"York","NB"
"614262","dorsal","f",0.072768237,0.027262135,0.066046442,0.024382903,0.074025025,0.030014727,0.091035358,0.030960043,0.10960444,0.025302116,0.072768237,0.027262135,508519,1,"York","NB"
"614262","side","o",0.060583374,0.017091161,0.059151177,0.015155176,0.061572643,0.018438223,0.072098769,0.021348668,0.086450309,0.025248198,0.060583374,0.017091161,52408,1,"York","NB"
"614262","side","w",0.413397983,0.116714045,0.42351896,0.121305898,0.407548345,0.116290545,0.375352889,0.099845274,0.37379637,0.10492314,0.413397983,0.116714045,40502,1,"York","NB"
"614262","ventral","b",0.435554143333333,0.0690430003333333,0.446620632666667,0.0750168836666667,0.425437723,0.069192384,0.395146466333333,0.0579092563333333,0.460263708666667,0.050095103,0.435554143333333,0.0690430003333333,34487,3,"York","NB"
"614262","ventral","t",0.035625947,0.006725908,0.035684742,0.007915398,0.036927885,0.00755719,0.044518495,0.008685389,0.044316014,0.007772645,0.035625947,0.006725908,139083,1,"York","NB"
"614262","ventral","v",0.34741457,0.137592451,0.353028884,0.145287027,0.340639015,0.134494075,0.324052462,0.114929563,0.372696909,0.123933251,0.34741457,0.137592451,940986,1,"York","NB"
"614268","side","o",0.075995555,0.020461692,0.072744067,0.020061667,0.07719203,0.021194666,0.088711228,0.02363754,0.10298625,0.028883748,0.075995555,0.020461692,41438,1,"York","NB"
"614268","side","w",0.34221936,0.131504785,0.348648332,0.139037698,0.336630289,0.127789333,0.321567944,0.11380037,0.372186539,0.076329945,0.34221936,0.131504785,41612,1,"York","NB"
"614268","ventral","b",0.387035575666667,0.0732331646666667,0.399309726666667,0.079517088,0.380476443333333,0.0726567856666667,0.350726041,0.062591564,0.370989904666667,0.0716194526666667,0.387035575666667,0.0732331646666667,32950.3333333333,3,"York","NB"
"614268","ventral","t",0.041295387,0.008402608,0.042444919,0.010133469,0.042295377,0.009174045,0.049239537,0.010414466,0.048976105,0.01022593,0.041295387,0.008402608,170045,1,"York","NB"
"614268","ventral","v",0.34090775,0.131246547,0.350309118,0.141944681,0.334799796,0.128596995,0.315505141,0.107428665,0.336485198,0.105151738,0.34090775,0.131246547,1269276,1,"York","NB"
"614269","dorsal","d",0.0711719113333333,0.017037178,0.0660518966666667,0.0193703446666667,0.0724847976666667,0.017930623,0.087235061,0.0142691926666667,0.096560809,0.0243808083333333,0.0711719113333333,0.017037178,34042.3333333333,3,"York","NB"
"614269","dorsal","f",0.071832587,0.018135629,0.067048989,0.020146034,0.073185132,0.018938508,0.087130005,0.015803095,0.097331028,0.026128785,0.071832587,0.018135629,343405,1,"York","NB"
"614269","side","o",0.059592826,0.019770351,0.057071293,0.017550077,0.060734333,0.02028646,0.072432829,0.025305246,0.087143894,0.032949278,0.059592826,0.019770351,68149,1,"York","NB"
"614269","side","w",0.396165263,0.103882217,0.409651038,0.10852581,0.391133983,0.103053148,0.357305749,0.09238735,0.347515749,0.074236329,0.396165263,0.103882217,33095,1,"York","NB"
"614269","ventral","b",0.448981184,0.0525466763333333,0.477793678,0.059597185,0.447762785333333,0.0541168466666667,0.369510308333333,0.041384217,0.357708732333333,0.038811653,0.448981184,0.0525466763333333,22158.3333333333,3,"York","NB"
"614269","ventral","t",0.032797189,0.006412399,0.032176452,0.007056934,0.034098709,0.007148555,0.043120975,0.008583101,0.040984659,0.008103047,0.032797189,0.006412399,231778,1,"York","NB"
"614270","dorsal","d",0.0707643413333333,0.010788065,0.0658197263333333,0.00991280333333333,0.0727480103333333,0.0118686853333333,0.0839038266666667,0.0157373633333333,0.101185182333333,0.0132362783333333,0.0707643413333333,0.010788065,36169,3,"York","NB"
"614270","dorsal","f",0.071455188,0.011963051,0.066567552,0.01073251,0.073357444,0.012910346,0.084700941,0.016998379,0.102410983,0.015625853,0.071455188,0.011963051,301251,1,"York","NB"
"614270","side","o",0.061005113,0.019805154,0.059675382,0.018362483,0.062309567,0.020702497,0.071072144,0.025566692,0.083429534,0.028630724,0.061005113,0.019805154,40890,1,"York","NB"
"614270","side","w",0.369604716,0.084449455,0.374178889,0.086382606,0.364500452,0.083096115,0.346366131,0.085668545,0.328166128,0.116095071,0.369604716,0.084449455,34391,1,"York","NB"
"614270","ventral","b",0.458755664,0.0548472973333333,0.473644606,0.0600892803333333,0.448440524666667,0.0551175196666667,0.412553128333333,0.04875788,0.430464637333333,0.0549359503333333,0.458755664,0.0548472973333333,36299.6666666667,3,"York","NB"
"614270","ventral","t",0.037285484,0.010558728,0.036419449,0.010893238,0.038829088,0.011146598,0.046593067,0.012654368,0.046355725,0.012756351,0.037285484,0.010558728,177519,1,"York","NB"
"614270","ventral","v",0.387855156,0.131629874,0.399608428,0.140613947,0.380941319,0.1279941,0.352481101,0.110310827,0.358483725,0.113478928,0.387855156,0.131629874,1292784,1,"York","NB"
"614273","dorsal","d",0.0837255153333333,0.0117907106666667,0.0775426253333333,0.009735322,0.086945942,0.0127603236666667,0.09441442,0.0167986913333333,0.127971657,0.0131925243333333,0.0837255153333333,0.0117907106666667,35414,3,"York","NB"
"614273","dorsal","f",0.083093635,0.011799194,0.076953385,0.009863112,0.086270814,0.012747057,0.093902864,0.01691,0.127797872,0.013497279,0.083093635,0.011799194,302048,1,"York","NB"
"614273","side","o",0.086642759,0.02127196,0.083226872,0.020641393,0.088333014,0.021863892,0.0969259,0.024541226,0.127433634,0.0294701,0.086642759,0.02127196,15784,1,"York","NB"
"614273","side","w",0.409199501,0.073515107,0.411206744,0.073084032,0.400183508,0.071044402,0.387153943,0.072437615,0.435667356,0.069540284,0.409199501,0.073515107,54858,1,"York","NB"
"614273","ventral","b",0.441611743333333,0.0730263113333333,0.453047287666667,0.079231664,0.434989425,0.073475525,0.392800333666667,0.059398656,0.455141935333333,0.0600805386666667,0.441611743333333,0.0730263113333333,35471.3333333333,3,"York","NB"
"614273","ventral","v",0.364048127,0.114108351,0.371976181,0.120678636,0.359929024,0.112657717,0.330575184,0.094061086,0.37336714,0.103311189,0.364048127,0.114108351,947245,1,"York","NB"
"614276","dorsal","d",0.0640718203333333,0.0101309733333333,0.056361648,0.00844781033333333,0.0655151686666667,0.0108485296666667,0.083928181,0.0158459493333333,0.105370977,0.016225716,0.0640718203333333,0.0101309733333333,33744.3333333333,3,"York","NB"
"614276","dorsal","f",0.066128368,0.010345086,0.05847906,0.008675367,0.067585312,0.011022108,0.085679133,0.016248179,0.109005425,0.016134662,0.066128368,0.010345086,378154,1,"York","NB"
"614276","side","o",0.074026978,0.018758009,0.069231613,0.017937033,0.075166108,0.019008699,0.089515006,0.024007032,0.119084987,0.035523596,0.074026978,0.018758009,34169,1,"York","NB"
"614276","side","w",0.457669444,0.112860786,0.464071627,0.11904114,0.450027832,0.110620088,0.415793547,0.09238395,0.451351334,0.102918306,0.457669444,0.112860786,41984,1,"York","NB"
"614276","ventral","b",0.447525016666667,0.0652047526666667,0.458236907666667,0.0710053443333333,0.43751902,0.065174441,0.40664002,0.0541915163333333,0.458729271,0.0450940813333333,0.447525016666667,0.0652047526666667,35535.3333333333,3,"York","NB"
"614276","ventral","t",0.03562061,0.007360802,0.034830064,0.008299955,0.037217235,0.008046013,0.044870325,0.008918059,0.047057314,0.0068901,0.03562061,0.007360802,187639,1,"York","NB"
"614276","ventral","v",0.342208938,0.142351048,0.34723838,0.149941201,0.335849297,0.138370511,0.320329765,0.12015438,0.3693415,0.127368418,0.342208938,0.142351048,1076491,1,"York","NB"
"614277","dorsal","d",0.067001354,0.011955795,0.0597173133333333,0.00875004533333333,0.0697570116666667,0.0127949086666667,0.0821779403333333,0.0191202406666667,0.114109386333333,0.012428358,0.067001354,0.011955795,35410,3,"York","NB"
"614277","dorsal","f",0.067629437,0.012089388,0.060400685,0.008987536,0.070400157,0.012895317,0.082577585,0.019112334,0.115558381,0.014642971,0.067629437,0.012089388,381173,1,"York","NB"
"614277","side","o",0.062183916,0.020706985,0.05512685,0.01901731,0.064725663,0.021287445,0.077754268,0.024662899,0.108884154,0.033633531,0.062183916,0.020706985,107991,1,"York","NB"
"614277","side","w",0.473310811,0.138087512,0.487981543,0.143111592,0.476383617,0.138978596,0.396093089,0.109560486,0.427334647,0.083705706,0.473310811,0.138087512,97143,1,"York","NB"
"614277","ventral","b",0.431322578,0.0524752483333333,0.441601609333333,0.0572103033333333,0.424882511,0.0527843546666667,0.388384163333333,0.045297807,0.428346873333333,0.049394306,0.431322578,0.0524752483333333,36682.6666666667,3,"York","NB"
"614277","ventral","t",0.036568384,0.009376978,0.035187335,0.009514355,0.038259815,0.009959415,0.046499652,0.011112286,0.052636362,0.022494543,0.036568384,0.009376978,190132,1,"York","NB"
"614277","ventral","v",0.362457983,0.106627398,0.366035566,0.114403447,0.356364637,0.104438009,0.339277659,0.086438727,0.389119303,0.091769901,0.362457983,0.106627398,1125176,1,"York","NB"
"614278","dorsal","d",0.0717478223333333,0.014266532,0.067006241,0.0121517106666667,0.0744047606666667,0.015102323,0.082774139,0.019465104,0.111892815,0.0142996293333333,0.0717478223333333,0.014266532,33316.6666666667,3,"York","NB"
"614278","dorsal","f",0.070481284,0.014338917,0.065822,0.011961956,0.073168123,0.015187423,0.081383811,0.019754641,0.108710703,0.014253038,0.070481284,0.014338917,374503,1,"York","NB"
"614278","side","o",0.067606426,0.016782435,0.063356513,0.014428842,0.069319639,0.017476754,0.080625773,0.023483163,0.104663484,0.025705883,0.067606426,0.016782435,27873,1,"York","NB"
"614278","side","w",0.479268077,0.094903835,0.49681857,0.105719972,0.472809993,0.095625819,0.425689891,0.072587227,0.327598391,0.138351558,0.479268077,0.094903835,41776,1,"York","NB"
"614278","ventral","b",0.358563025333333,0.062469218,0.365076294,0.066111074,0.359871900666667,0.0633096936666667,0.314256839666667,0.0526340363333333,0.401332246666667,0.059597327,0.358563025333333,0.062469218,36293.3333333333,3,"York","NB"
"614278","ventral","t",0.034745044,0.007708238,0.034082612,0.00835602,0.036786448,0.008469316,0.042386972,0.009545512,0.046897854,0.010794093,0.034745044,0.007708238,212076,1,"York","NB"
"614278","ventral","v",0.286136942,0.108737438,0.289082239,0.114359101,0.287592421,0.108814799,0.25887884,0.08854454,0.326117453,0.10774602,0.286136942,0.108737438,1027412,1,"York","NB"
"614279","dorsal","d",0.0636666666666667,0.007,0.06,0.00666666666666667,0.0666666666666667,0.008,0.0726666666666667,0.011,0.0953333333333333,0.0106666666666667,0.0636666666666667,0.007,32647,3,"Halifax","NS"
"614279","side","o",0.079,0.014,0.086,0.017,0.081,0.015,0.072,0.012,0.089,0.016,0.079,0.014,10485,1,"Halifax","NS"
"614279","side","w",0.369,0.101,0.367,0.105,0.371,0.101,0.333,0.084,0.405,0.111,0.369,0.101,26684,1,"Halifax","NS"
"614279","ventral","b",0.420333333333333,0.0526666666666667,0.424666666666667,0.057,0.426,0.056,0.353,0.0453333333333333,0.444666666666667,0.0583333333333333,0.420333333333333,0.0526666666666667,35001.3333333333,3,"Halifax","NS"
"614279","ventral","t",0.038,0.006,0.038,0.007,0.04,0.007,0.044,0.009,0.047,0.007,0.038,0.006,98800,1,"Halifax","NS"
"614280","crown","c",0.018,0.007,0.012,0.008,0.024,0.008,0.027,0.009,0.116,0.044,0.018,0.007,128594,1,"Halifax","NS"
"614280","dorsal","d",0.0643333333333333,0.0176666666666667,0.0593333333333333,0.0136666666666667,0.0676666666666667,0.02,0.076,0.0226666666666667,0.103,0.0136666666666667,0.0643333333333333,0.0176666666666667,33993,3,"Halifax","NS"
"614280","side","o",0.058,0.013,0.06,0.016,0.06,0.013,0.061,0.011,0.074,0.011,0.058,0.013,15089,1,"Halifax","NS"
"614280","side","w",0.469,0.123,0.48,0.129,0.478,0.126,0.384,0.091,0.384,0.079,0.469,0.123,57727,1,"Halifax","NS"
"614280","ventral","b",0.442333333333333,0.0343333333333333,0.459666666666667,0.0366666666666667,0.450666666666667,0.037,0.353,0.0313333333333333,0.392666666666667,0.0423333333333333,0.442333333333333,0.0343333333333333,33003,3,"Halifax","NS"
"614280","ventral","t",0.036,0.005,0.035,0.005,0.038,0.006,0.044,0.007,0.047,0.008,0.036,0.005,226314,1,"Halifax","NS"
"614281","crown","c",0.068,0.03,0.057,0.028,0.071,0.031,0.084,0.03,0.137,0.053,0.068,0.03,99405,1,"Halifax","NS"
"614281","dorsal","d",0.0646666666666667,0.00733333333333333,0.0583333333333333,0.00666666666666667,0.068,0.009,0.0773333333333333,0.012,0.105,0.011,0.0646666666666667,0.00733333333333333,31774,3,"Halifax","NS"
"614281","side","o",0.06,0.018,0.062,0.019,0.063,0.019,0.062,0.017,0.09,0.03,0.06,0.018,13562,1,"Halifax","NS"
"614281","side","w",0.44,0.102,0.442,0.109,0.445,0.104,0.378,0.075,0.439,0.079,0.44,0.102,71008,1,"Halifax","NS"
"614281","ventral","b",0.512333333333333,0.04,0.522,0.042,0.516666666666667,0.0436666666666667,0.426,0.041,0.498666666666667,0.051,0.512333333333333,0.04,32186.3333333333,3,"Halifax","NS"
"614281","ventral","t",0.033,0.007,0.034,0.008,0.035,0.008,0.042,0.009,0.041,0.007,0.033,0.007,128339,1,"Halifax","NS"
"614282","crown","c",0.076,0.028,0.061,0.022,0.079,0.03,0.097,0.039,0.173,0.052,0.076,0.028,82483,1,"Halifax","NS"
"614282","dorsal","d",0.0646666666666667,0.0133333333333333,0.061,0.0103333333333333,0.0673333333333333,0.0143333333333333,0.077,0.02,0.1,0.0123333333333333,0.0646666666666667,0.0133333333333333,32843,3,"Halifax","NS"
"614282","side","o",0.076,0.02,0.081,0.023,0.079,0.022,0.072,0.02,0.096,0.015,0.076,0.02,16301,1,"Halifax","NS"
"614282","side","w",0.421,0.087,0.419,0.087,0.429,0.092,0.358,0.076,0.457,0.079,0.421,0.087,25219,1,"Halifax","NS"
"614282","ventral","b",0.446333333333333,0.0326666666666667,0.453,0.0346666666666667,0.453,0.035,0.370666666666667,0.0293333333333333,0.449,0.0443333333333333,0.446333333333333,0.0326666666666667,28400.3333333333,3,"Halifax","NS"
"614283","crown","c",0.06,0.028,0.049,0.021,0.064,0.029,0.075,0.036,0.12,0.051,0.06,0.028,80371,1,"Halifax","NS"
"614283","dorsal","d",0.0516666666666667,0.00833333333333333,0.0483333333333333,0.00766666666666667,0.0546666666666667,0.00933333333333333,0.062,0.013,0.0793333333333333,0.013,0.0516666666666667,0.00833333333333333,30934,3,"Halifax","NS"
"614283","side","o",0.061,0.026,0.06,0.024,0.063,0.027,0.069,0.027,0.082,0.031,0.061,0.026,16239,1,"Halifax","NS"
"614283","side","w",0.491,0.162,0.49,0.162,0.495,0.16,0.419,0.139,0.541,0.132,0.491,0.162,41862,1,"Halifax","NS"
"614283","ventral","b",0.439666666666667,0.0563333333333333,0.448666666666667,0.059,0.439666666666667,0.0586666666666667,0.377333333333333,0.0486666666666667,0.448,0.0546666666666667,0.439666666666667,0.0563333333333333,38069.6666666667,3,"Halifax","NS"
"614283","ventral","t",0.037,0.008,0.037,0.01,0.038,0.009,0.044,0.009,0.046,0.007,0.037,0.008,99632,1,"Halifax","NS"
"614284","crown","c",0.069,0.028,0.062,0.025,0.073,0.031,0.078,0.027,0.108,0.035,0.069,0.028,85429,1,"Halifax","NS"
"614284","dorsal","d",0.0786666666666667,0.0176666666666667,0.0743333333333333,0.015,0.081,0.0186666666666667,0.0893333333333333,0.0233333333333333,0.12,0.019,0.0786666666666667,0.0176666666666667,32462,3,"Halifax","NS"
"614284","side","o",0.102,0.035,0.112,0.04,0.104,0.035,0.09,0.026,0.113,0.026,0.102,0.035,13840,1,"Halifax","NS"
"614284","side","w",0.45,0.085,0.45,0.086,0.444,0.084,0.408,0.078,0.505,0.114,0.45,0.085,24252,1,"Halifax","NS"
"614284","ventral","b",0.412333333333333,0.0526666666666667,0.421333333333333,0.0553333333333333,0.413333333333333,0.0546666666666667,0.356333333333333,0.0473333333333333,0.423,0.0613333333333333,0.412333333333333,0.0526666666666667,35431,3,"Halifax","NS"
"614284","ventral","t",0.04,0.008,0.04,0.009,0.041,0.009,0.047,0.009,0.05,0.009,0.04,0.008,79008,1,"Halifax","NS"
"614285","crown","c",0.077,0.027,0.061,0.026,0.08,0.028,0.099,0.028,0.173,0.059,0.077,0.027,103990,1,"Halifax","NS"
"614285","dorsal","d",0.0693333333333333,0.0103333333333333,0.0636666666666667,0.00866666666666667,0.0723333333333333,0.0113333333333333,0.0826666666666667,0.016,0.117333333333333,0.014,0.0693333333333333,0.0103333333333333,33308.6666666667,3,"Halifax","NS"
"614285","side","o",0.057,0.012,0.058,0.013,0.059,0.012,0.063,0.011,0.085,0.027,0.057,0.012,24060,1,"Halifax","NS"
"614285","side","w",0.461,0.107,0.458,0.114,0.458,0.106,0.413,0.084,0.511,0.121,0.461,0.107,44596,1,"Halifax","NS"
"614285","ventral","b",0.522,0.0436666666666667,0.539,0.0483333333333333,0.522,0.048,0.431666666666667,0.0396666666666667,0.495,0.042,0.522,0.0436666666666667,33009,3,"Halifax","NS"
"614285","ventral","t",0.041,0.008,0.041,0.01,0.043,0.009,0.049,0.011,0.057,0.013,0.041,0.008,184829,1,"Halifax","NS"
"614287","crown","c",0.065513196,0.027560734,0.053821812,0.025310296,0.06917591,0.028783935,0.0818816,0.031884335,0.137494801,0.051266301,0.065513196,0.027560734,95216,1,"Piscataquis","ME"
"614287","side","o",0.06837531,0.024872345,0.065840928,0.021827783,0.071575484,0.026842417,0.07385513,0.030453672,0.101965785,0.036096703,0.06837531,0.024872345,8118,1,"Piscataquis","ME"
"614287","side","w",0.363639839,0.100279901,0.357890097,0.097373092,0.370427778,0.102720922,0.322364444,0.089667081,0.444533807,0.10974302,0.363639839,0.100279901,33377,1,"Piscataquis","ME"
"614287","ventral","b",0.42397312,0.050190743,0.435503674333333,0.0536833876666667,0.43079494,0.052840757,0.352585566333333,0.0439391706666667,0.407221133666667,0.045812023,0.42397312,0.050190743,34599.3333333333,3,"Piscataquis","ME"
"614287","ventral","t",0.039694986,0.012914941,0.040050461,0.01531566,0.04195061,0.013775332,0.044631242,0.011493852,0.047813461,0.00943223,0.039694986,0.012914941,170172,1,"Piscataquis","ME"
"614288","crown","c",0.055942539,0.020143951,0.044437148,0.018968841,0.05931342,0.020587714,0.074441631,0.024100442,0.129554335,0.052550752,0.055942539,0.020143951,163699,1,"Piscataquis","ME"
"614288","dorsal","d",0.06814341,0.0170016373333333,0.0608687513333333,0.0121290763333333,0.071146526,0.018809909,0.082084998,0.025922836,0.113189947,0.0150429973333333,0.06814341,0.0170016373333333,33798.6666666667,3,"Piscataquis","ME"
"614288","side","o",0.061587693,0.021606971,0.057396304,0.018399697,0.064052125,0.023193711,0.072409225,0.028396428,0.100459629,0.035245605,0.061587693,0.021606971,65255,1,"Piscataquis","ME"
"614288","side","w",0.349472246,0.070933386,0.347404816,0.07018472,0.351220261,0.072818242,0.322517482,0.066942178,0.386131923,0.067129995,0.349472246,0.070933386,40806,1,"Piscataquis","ME"
"614288","ventral","b",0.387203995333333,0.058754682,0.395874570666667,0.0635698456666667,0.391057946333333,0.0604196506666667,0.351174001666667,0.0485231366666667,0.394038388333333,0.0566135103333333,0.387203995333333,0.058754682,32896.6666666667,3,"Piscataquis","ME"
"614288","ventral","t",0.033194893,0.011425953,0.028629246,0.013349699,0.037191092,0.011879206,0.036503632,0.00987359,0.036148397,0.012870102,0.033194893,0.011425953,176583,1,"Piscataquis","ME"
"614289","crown","c",0.084560897,0.026098125,0.070448905,0.026323157,0.08841451,0.026527433,0.103122176,0.02746223,0.166542054,0.066715681,0.084560897,0.026098125,87681,1,"Piscataquis","ME"
"614289","dorsal","d",0.0872736353333333,0.022155811,0.0810960313333333,0.017499891,0.0890464223333333,0.0247136936666667,0.101601881666667,0.0255256036666667,0.120072999666667,0.0150264176666667,0.0872736353333333,0.022155811,34721,3,"Piscataquis","ME"
"614289","side","o",0.089084107,0.010860631,0.089955604,0.012211993,0.090641435,0.012058256,0.092720444,0.012254478,0.108884212,0.012158842,0.089084107,0.010860631,38261,1,"Piscataquis","ME"
"614289","side","w",0.261245921,0.09341162,0.264778126,0.094777118,0.264642628,0.095115274,0.237837563,0.07917411,0.276932686,0.085844996,0.261245921,0.09341162,30579,1,"Piscataquis","ME"
"614289","ventral","Scale Bar:376.0053:10",0.195496332,0.032215611,0,0,0,0,0,0,0,0,0,0,371,1,"Piscataquis","ME"
"614289","ventral","b",0.462275915666667,0.0398067213333333,0.486519780666667,0.0439031013333333,0.468498327666667,0.0432038373333333,0.371446548,0.0360345156666667,0.393701091333333,0.0380947113333333,0.462275915666667,0.0398067213333333,33857.6666666667,3,"Piscataquis","ME"
"614289","ventral","t",0.056406378,0.011131703,0.052791388,0.014457882,0.057499266,0.012093415,0.070399773,0.01135928,0.065467827,0.008493651,0.056406378,0.011131703,141476,1,"Piscataquis","ME"
"614293","crown","c",0.07321722,0.027030812,0.058975028,0.022343863,0.076785285,0.02968784,0.093280887,0.03304767,0.149871437,0.044200686,0.07321722,0.027030812,84775,1,"Piscataquis","ME"
"614293","dorsal","d",0.0701926363333333,0.0141764356666667,0.0638583526666667,0.0112104033333333,0.071854264,0.0158778106666667,0.0864149006666667,0.0171595153333333,0.0999115893333333,0.0109573113333333,0.0701926363333333,0.0141764356666667,35480.3333333333,3,"Piscataquis","ME"
"614293","side","o",0.097441458,0.026215904,0.098952013,0.029484811,0.098704898,0.027578012,0.10028685,0.019448491,0.120133059,0.027610176,0.097441458,0.026215904,17056,1,"Piscataquis","ME"
"614293","side","w",0.339756015,0.094932666,0.344782113,0.09891983,0.340666325,0.096564172,0.307016057,0.076293092,0.383909494,0.099565177,0.339756015,0.094932666,45766,1,"Piscataquis","ME"
"614293","ventral","b",0.405831468333333,0.0463419873333333,0.416647619333333,0.047792644,0.408952881,0.049015167,0.347045010666667,0.0436604466666667,0.406804975666667,0.0537169363333333,0.405831468333333,0.0463419873333333,34850,3,"Piscataquis","ME"
"614293","ventral","t",0.046309869,0.005990031,0.040921705,0.006967261,0.047771395,0.007586835,0.062719547,0.010465101,0.059013995,0.006859563,0.046309869,0.005990031,223462,1,"Piscataquis","ME"
"614294","crown","c",0.065972113,0.027218841,0.051406366,0.024185536,0.069784183,0.029177321,0.086658303,0.029056802,0.160022648,0.054663798,0.065972113,0.027218841,115121,1,"Piscataquis","ME"
"614294","dorsal","d",0.060154078,0.0188047813333333,0.052377581,0.013845648,0.063049743,0.0208234413333333,0.075839339,0.027904872,0.10217868,0.0202743213333333,0.060154078,0.0188047813333333,33985,3,"Piscataquis","ME"
"614294","side","o",0.053577671,0.022545763,0.053687511,0.024744581,0.055984986,0.023245972,0.0579752,0.018359016,0.072263709,0.017504848,0.053577671,0.022545763,34759,1,"Piscataquis","ME"
"614294","side","w",0.430740435,0.127199586,0.429303827,0.12999877,0.431444503,0.127402218,0.384218499,0.104755078,0.481052139,0.131049765,0.430740435,0.127199586,99098,1,"Piscataquis","ME"
"614294","ventral","b",0.470113959666667,0.049275094,0.475255137333333,0.0532611453333333,0.468827503333333,0.051338576,0.413238320333333,0.044432835,0.507839647333333,0.05615515,0.470113959666667,0.049275094,33381.6666666667,3,"Piscataquis","ME"
"614294","ventral","t",0.034278275,0.005931269,0.033625531,0.007087611,0.036363329,0.007219694,0.041670286,0.00942612,0.043896735,0.008994565,0.034278275,0.005931269,232358,1,"Piscataquis","ME"
"614297","crown","c",0.077200902,0.028139656,0.061585008,0.025628291,0.080912113,0.029826414,0.099003094,0.029960842,0.164215699,0.05522945,0.077200902,0.028139656,94617,1,"Piscataquis","ME"
"614297","dorsal","d",0.0702089743333333,0.014863142,0.062732737,0.0116618463333333,0.0717354096666667,0.0165203073333333,0.088609482,0.0206842226666667,0.103202859666667,0.013148312,0.0702089743333333,0.014863142,35094.6666666667,3,"Piscataquis","ME"
"614297","side","o",0.074803169,0.027343175,0.072126458,0.028680708,0.075788541,0.027912361,0.08688339,0.02337904,0.095768686,0.020101011,0.074803169,0.027343175,16139,1,"Piscataquis","ME"
"614297","side","w",0.436748006,0.111820604,0.445330786,0.118961781,0.438859981,0.113994815,0.38001993,0.084335858,0.45286331,0.093902187,0.436748006,0.111820604,62704,1,"Piscataquis","ME"
"614297","ventral","b",0.451372517,0.0401720123333333,0.462977377666667,0.043842479,0.450594008,0.0431687253333333,0.394974336333333,0.0375924016666667,0.471407861333333,0.0417935543333333,0.451372517,0.0401720123333333,34864.6666666667,3,"Piscataquis","ME"
"614297","ventral","t",0.055449368,0.014747485,0.051764571,0.018323942,0.056816705,0.015680533,0.068505061,0.012537637,0.065664533,0.012130482,0.055449368,0.014747485,257462,1,"Piscataquis","ME"
"614299","crown","c",0.063276988,0.027282836,0.0508052,0.022641924,0.067027154,0.028923073,0.081094131,0.033518201,0.140241869,0.056053925,0.063276988,0.027282836,96853,1,"Piscataquis","ME"
"614299","dorsal","d",0.06212349,0.021446344,0.0564113876666667,0.0179863963333333,0.0649782346666667,0.0241633663333333,0.0742523366666667,0.024318312,0.0932257646666667,0.0181081746666667,0.06212349,0.021446344,34971.6666666667,3,"Piscataquis","ME"
"614299","side","o",0.072966013,0.01503946,0.077227839,0.016807484,0.075237985,0.015774017,0.070039851,0.012610167,0.094695091,0.026043725,0.072966013,0.01503946,11280,1,"Piscataquis","ME"
"614299","side","w",0.295893356,0.099455837,0.299780754,0.101969048,0.297941362,0.100659703,0.267176213,0.083190331,0.307529142,0.10731028,0.295893356,0.099455837,36405,1,"Piscataquis","ME"
"614299","ventral","b",0.451807702,0.0574503576666667,0.46539365,0.062912708,0.455343169333333,0.0594355176666667,0.380110666333333,0.0452999576666667,0.419149837,0.0499932913333333,0.451807702,0.0574503576666667,33193.3333333333,3,"Piscataquis","ME"
"614299","ventral","t",0.036521345,0.008008227,0.036929509,0.00979692,0.038612097,0.008727703,0.041942117,0.008928643,0.044300228,0.008846322,0.036521345,0.008008227,186292,1,"Piscataquis","ME"
"614302","crown","c",0.071010477,0.022410965,0.055564565,0.017719422,0.074978385,0.023600856,0.09204538,0.030360595,0.149287123,0.045160513,0.071010477,0.022410965,115078,1,"Piscataquis","ME"
"614302","dorsal","d",0.0807353746666667,0.0101193316666667,0.0738514186666667,0.008554315,0.0827026886666667,0.0110848633333333,0.09598633,0.0141497503333333,0.113215919333333,0.011789734,0.0807353746666667,0.0101193316666667,34046.6666666667,3,"Piscataquis","ME"
"614302","side","o",0.104980524,0.021815959,0.111209617,0.025658758,0.106275371,0.022677997,0.099612746,0.015675988,0.11731277,0.021030204,0.104980524,0.021815959,17900,1,"Piscataquis","ME"
"614302","side","w",0.351521853,0.085913315,0.356530167,0.086973031,0.35358582,0.087181668,0.315356353,0.075136803,0.386350928,0.077861252,0.351521853,0.085913315,25968,1,"Piscataquis","ME"
"614302","ventral","b",0.366446834666667,0.0493757636666667,0.378470078333333,0.0526785323333333,0.369422035666667,0.0512287053333333,0.314380112333333,0.043147597,0.391084052333333,0.0519004883333333,0.366446834666667,0.0493757636666667,34783,3,"Piscataquis","ME"
"614302","ventral","t",0.055753339,0.013421694,0.052020901,0.016686799,0.057138108,0.014202897,0.068957934,0.011802572,0.067792693,0.011737683,0.055753339,0.013421694,173716,1,"Piscataquis","ME"
"614305","crown","c",0.070606993,0.01878126,0.056506665,0.01463793,0.074246981,0.018837331,0.091491271,0.027022696,0.166512357,0.043093097,0.070606993,0.01878126,72809,1,"Piscataquis","ME"
"614305","dorsal","d",0.066618792,0.0127538026666667,0.0600729106666667,0.00901812833333333,0.0690189003333333,0.013748869,0.0825992286666667,0.020739028,0.112788821,0.0172246733333333,0.066618792,0.0127538026666667,34598.3333333333,3,"Piscataquis","ME"
"614305","side","o",0.049009189,0.014276538,0.049621045,0.015169156,0.050776016,0.014831424,0.056066154,0.013660322,0.066665711,0.015816853,0.049009189,0.014276538,48585,1,"Piscataquis","ME"
"614305","side","w",0.503155076,0.120483967,0.50408039,0.125287751,0.503001435,0.120908735,0.435595383,0.094280111,0.530033983,0.107597599,0.503155076,0.120483967,61173,1,"Piscataquis","ME"
"614305","ventral","b",0.462196797,0.043578116,0.464958850666667,0.047104892,0.460881856,0.046432535,0.404147055333333,0.0398251036666667,0.506972565666667,0.042729587,0.462196797,0.043578116,34906,3,"Piscataquis","ME"
"614307","crown","c",0.061007766,0.017784851,0.049191618,0.014502986,0.063887478,0.017669187,0.080546928,0.024509833,0.131485724,0.043730356,0.061007766,0.017784851,92690,1,"Piscataquis","ME"
"614307","dorsal","d",0.0690476143333333,0.0252181596666667,0.062809371,0.0208623903333333,0.0711196773333333,0.028274638,0.0851093346666667,0.031364977,0.109118043,0.0235856646666667,0.0690476143333333,0.0252181596666667,34352.6666666667,3,"Piscataquis","ME"
"614307","side","o",0.066652877,0.030663991,0.062596755,0.03092856,0.068907656,0.03199613,0.078505381,0.029373676,0.105548156,0.037848475,0.066652877,0.030663991,87556,1,"Piscataquis","ME"
"614307","side","w",0.507338367,0.138662227,0.515450852,0.141139981,0.508160567,0.138982933,0.429318011,0.11017903,0.506304385,0.122564634,0.507338367,0.138662227,61525,1,"Piscataquis","ME"
"614307","ventral","b",0.478379673333333,0.0414014106666667,0.483294286666667,0.0452555223333333,0.475925793,0.0442647946666667,0.416869755666667,0.038167769,0.509212200333333,0.0419683243333333,0.478379673333333,0.0414014106666667,34538.6666666667,3,"Piscataquis","ME"
"614307","ventral","t",0.037525649,0.008115929,0.037231327,0.009122627,0.03936405,0.009020875,0.045632676,0.010029328,0.049237791,0.007950214,0.037525649,0.008115929,195712,1,"Piscataquis","ME"
