"ID","PC1_o","PC1_c","PC1_m","PC1_t","PC1_w"
606619,-0.143708341450469,-0.222958209901796,-1.4444318848172,1.11251056163152,-0.679937053974448
606622,0.0379121355121204,0.701344527191274,-2.55216497144594,1.4193658605695,-0.910340467629429
606623,0.0771533690379363,2.39331287151988,-0.43671004101011,1.81536992035532,-1.65363832637571
606627,1.4429019758972,4.38175895529156,-0.540605002631164,2.12790391276308,-1.78355949491397
606633,0.562498053394047,-1.21066791151725,-0.712026278656761,1.88260712836188,-1.08692482517534
606634,1.47965324462295,-1.9933288533785,0.245691530352208,1.94133174780243,-1.00443133138734
606642,0.269814456107057,-1.25346830145686,0.726207111630504,1.25956862214015,-1.12454044935217
606643,1.14060027051956,-4.82736286218682,1.95659482613759,1.89022473887715,-0.934638204330187
606647,0.191146641371007,1.8963300254491,0.675819222991322,2.02290630537861,0.194852831630746
606654,0.379356070519736,4.02425587224846,-1.85048621896872,1.13384259991252,0.454059648011876
606655,1.42599027179915,-2.27939283002186,-0.823438576182718,1.76305170794869,-0.561768218848724
606656,0.984684948962271,-2.30087928463696,-2.29707078898397,2.66033038157068,1.74794598126028
606657,0.729795627194394,-1.67921636044402,-0.425103211737485,1.10988472759879,0.181734717536337
606663,1.15565178119232,-0.846957987716874,-1.48629916622596,1.79710683649217,1.80663076586663
606673,-1.96344358498662,-1.32359881701924,-3.75876849747006,-2.65514450759803,-2.48357072799858
606674,-0.953710336564987,-0.389722737904885,-0.762709180630776,-2.03045236627694,1.94116804211887
606675,-1.90005319363748,0.218140003225798,0.0239444920517797,-1.96969288118667,-1.79472040771794
606681,0.330065007031043,-2.24014578234076,-1.3299852735293,2.62028151225244,0.34403531447229
606682,-0.139195735710936,-1.26322757509913,-2.71118696764631,0.785450352261462,0.65605414064736
606683,0.236663111306364,-2.78728227897639,0.919900726546406,0.51912616955205,-1.80906625464044
606697,-2.54640740231305,0.978196861497605,-1.80235171938524,-2.51170824361753,-1.98373293062506
606699,-1.37615468274998,2.94054046305059,1.03878846815358,-2.17441302302321,-0.272007381261061
606700,-1.86327860768441,-3.96370394147193,-2.69494515823188,-1.88255064352125,-0.411627755105959
608329,NA,1.1151377568663,NA,NA,NA
608338,1.4298428727491,2.01839194313294,2.7302826329148,-0.0431567249457441,2.26016444479456
608347,0.344523833796758,5.65567666305156,3.21542936884395,1.49911092310014,-0.740256225101516
608350,0.812532262033741,2.16076878291356,2.97905510611493,1.09016024841203,1.19408278718997
608370,0.285595283296083,1.87768562572383,1.95167241161914,2.29870686706285,-3.05947628623807
608371,4.8787018433085,1.16024552570569,1.80979378478215,1.48232627846592,-4.00543990618308
608372,3.7983591935632,2.82489477801685,3.30728695255883,1.9742301706607,-2.40311070326024
608374,1.12761366302384,3.74865531728708,2.66501977182679,3.26865920635503,-0.573616841608277
608378,3.93930622820917,1.03534748796591,3.48288486880938,1.22510905062867,0.0214170864757387
608379,2.3992028901988,-0.785955245258869,2.72781501297262,2.63094102232224,2.93403206298215
608411,2.3755586998082,0.252701858425995,3.61409170429447,2.33107259277289,-5.75533555572017
608419,4.24387051118436,4.7645986957951,3.14845984408192,1.46361486658743,0.717509480579712
608426,6.26687081020782,2.98259196207255,3.75972083068995,2.39649402577887,0.66653031378238
608427,1.20114142892667,2.66018696639911,3.82599147933424,1.34890004949261,1.99856288998342
608573,0.0553358375244981,0.318917658738517,2.06459862266657,1.763966020893,-2.24782016481984
608575,1.29201735943266,-0.383187896815862,0.445801000644955,1.13041537787994,1.5836471106758
608576,0.698267646454176,-0.431965884092536,2.79679374106545,1.88948149368446,1.35910865183411
608585,1.64277570227626,3.03344252056378,1.75178742338134,1.75719895276338,1.68315844388901
608590,4.37370829739335,1.40080637356571,1.58993648919125,1.50369155184017,-0.865448640693152
608618,3.84725558689073,-0.852773026160053,3.27670043833228,2.72057135703631,-0.471980892027223
608621,0.546884661249186,-0.573808890911987,-0.126767081066204,1.05087852469745,-0.52249843366973
608626,0.28245454965342,-1.54831869664724,0.86450156818199,1.53863747620989,1.13889235958064
608629,0.694634536140404,-0.387022607711361,0.170939152441658,1.72680073181344,0.73555260103899
608630,1.06821353013271,1.40499485618339,0.910836981842411,2.8536659080722,2.16887717036913
608631,0.337159486905259,2.92252167487531,2.13630080757706,0.868483991753313,-2.74665435910811
608641,-2.52019845112418,1.07080746815985,-1.36002181918734,-2.47130207801067,1.48596939382166
608642,-2.1049826496118,0.0430987453870682,-3.38491478981303,-3.2460894449352,1.18787707688633
608648,3.87730064575308,-1.87898623668788,-0.639190237691664,1.08019574499984,0.474011287834384
610037,-0.467042722608208,1.51444916922277,-0.823708125492283,NA,-2.84418345940772
610045,0.503668735279317,0.814404594225854,0.0611139685233019,0.820682848586781,2.66095548704257
610049,1.2156408700836,-1.2313159073455,-1.92540401712253,0.852705968663793,-0.428353718085497
610062,NA,-0.0549414010107407,0.999291529869857,0.0994632334937842,0.0340951590849418
610076,-3.01696348016208,1.31975184746249,-3.49684037485869,-1.50617743520634,-0.66272585902783
612854,-2.44310437786868,-1.33482240832795,-1.51611319072763,-2.80021006473034,1.2613037064452
612856,-1.66200102548675,1.33538524104751,-0.998871162614189,-2.864381260942,0.755628481075152
612857,-0.199799974103934,-1.57748123885765,-1.61931703802341,-2.31336113613831,-0.0669731710307345
612863,-2.5783042969672,-2.3197626877681,-3.57835115374462,-2.36894643808183,1.6270733088605
612867,-1.49240384380417,-0.720770488431454,-0.140522755746261,-3.37137485957681,-1.18741244046899
612880,-1.41546113010164,-1.25818352532848,-4.75681272760448,-3.24124729660535,2.86182527407248
612881,-2.83874091663495,-3.76126826402577,-2.95129331975508,-3.50182221859377,2.21393579023436
612882,NA,-1.1870881926123,-1.8682221267372,-2.29186904562869,2.62835065812384
612883,-0.547949149979041,-3.24053678295672,-1.72611422985179,-3.20808708322377,3.95452978563393
612884,-2.58959883923128,-0.565165194018643,-2.84036358446542,-3.28053629019038,-1.46911755604763
612886,-2.09915046032862,-5.55553772572947,-2.83869561855778,-3.14097673205111,-1.06832187781675
612889,-2.47046302080691,-1.25118868333677,-3.02051422362222,-1.90618146186103,3.62618932832948
612897,0.0930061057956966,0.560831490657547,-1.0295382465326,1.99366644440484,-4.11677713689845
612898,0.449283163556531,-3.29364315167635,-0.359642821607448,2.77403343711821,-0.46512516480676
612907,4.89249147814862,1.31484724469395,3.0286334334239,1.34213938206817,1.18370940787284
612911,2.83809144152349,-0.903531762022605,-0.587753335341828,2.05058884530851,-1.51681550892466
612912,0.612856169014653,-0.413146272293017,-3.48763776257109,2.8414437306739,1.58901868283341
612914,-0.328886722324879,2.0823737666163,-1.58707794429425,1.61678538402639,-4.78772960714518
612915,-1.30126073605279,-1.91402373915507,-4.37080113565182,1.46143179709779,2.08254724996987
612916,1.52250672118215,1.83082514939023,-2.3829769893732,1.60622858381083,1.78479254780767
612928,0.0193511988401333,0.160209535579793,-0.0423827979368909,1.88962748247085,-2.65364848905373
612930,1.0239368605495,-0.664660060841523,-0.432710970745765,0.904615950027935,-3.26433883574419
612932,0.737339086084715,1.41749011658644,1.34340753788512,1.42939164645863,1.28778271119714
612933,0.940565355882329,0.132938323287538,-1.97704054586277,2.51425216882188,0.973721984624746
612939,0.675678164751978,-0.932443902558911,-0.781135746864017,1.91680182062198,1.64361236721541
612941,0.319494392476446,1.67959220847247,-0.0784125755859899,1.60996403336908,2.65544394614932
613585,-2.93448535707256,NA,-1.50948473230124,-2.08103375390835,-2.30292775064916
613586,1.20979402673051,NA,-0.262845960007776,-1.60192080766346,3.86901287224605
613591,-0.0180503049068837,NA,0.559575126784261,-1.64826493065679,3.46090527921868
613594,-1.85550107455347,0.682409542225444,0.217201902354017,-2.78434841586607,0.0459202491712628
613598,-0.310111325022395,1.18761575042625,1.85624166552732,0.987490059989846,1.53027157710582
613607,-0.00454244001428745,0.419947800778467,2.5253087514283,0.817595449055217,-5.7987092237541
613611,2.27536149191043,0.753442965917804,1.45969055625519,1.15269456429274,2.88802735961873
613612,-0.761376955669933,0.764808878982573,1.79941843943584,1.88795197323943,-3.13007802701292
613652,-2.92315436522417,-1.83047504503053,-0.749887805985221,-1.76394706048133,2.10854052725149
613654,-3.28471618169181,-1.50075396385735,1.13763258808697,-3.73452222367726,0.0884262357149934
613657,-2.49122117239221,-2.1066518087963,-1.37502374101668,-2.78844310444766,-1.13523879632318
613658,-3.14312061273812,1.34448518530651,0.111826388291286,-3.60420565804899,-2.41785469155775
613663,-3.54902715945404,-0.424249288454793,0.943429131867027,-3.91190749807097,0.708664574162885
613673,-3.06556394338504,-3.18801149407856,1.63335460990539,-3.93230075345644,0.221362274646529
613677,-2.2272729606374,-1.57452083040545,-0.382496090267883,-3.74557036624633,1.96170223153768
613690,-3.64996146376217,-2.99129599295914,-1.60383945086281,-3.29978098561136,2.85167335741422
613691,-2.75267057506355,-3.09131247691949,-0.351204059522671,-3.70569898239994,-1.66703584029906
614261,-1.2130360579009,-2.03018042670488,-1.39557434005342,-1.44873103195389,-0.245174986008826
614262,0.0706055672318414,3.34790393185479,1.79519423664242,-0.573097577681564,-1.795061431898
614273,3.50764259948503,5.54580248731202,4.42043900161133,-0.977601661619049,-1.89871622916533
614276,0.146929401589181,3.19384388011443,0.965596134173438,-1.82626267645879,0.358018677373572
614277,-1.61126772228967,1.72190083952839,1.65662498373148,-1.62841566091946,1.12506825613579
614280,-1.96328782417655,-2.75187855001382,0.385839138090412,-1.65765412761214,-0.942000930014683
614281,-2.12811087747279,-0.747261046142248,1.37379894016713,-2.6108590640052,-0.953151446163759
614283,-3.67802525107706,-3.47706078761045,-6.78217919096604,-0.922361136171769,2.59011467740331
614285,-1.72754355211483,1.71107944630986,1.5286532475074,-0.610328084857051,0.466847926807767
614294,-2.24399935782432,-0.775020350870563,-0.176475732654973,-2.16015766140861,-0.368094932467026
614297,0.944238582259045,1.26343294408366,1.27373982533506,2.79452833161755,-0.310609726131524
614302,4.80263252078386,-0.0922229633128634,2.85966794918541,2.95038882973957,-4.08829689586744
614305,-2.87257613601786,0.180812534883725,0.96879300278082,NA,2.74101452749448
614307,0.306758095018835,-2.08159848345841,1.22932402934742,-1.27155302454175,2.69465448639849
