"Response","Explanatory","n","n_SY","Estimate","SE","df","P_value","Age_estimate","Age_SE","Age_P_value","R2m"
"lumMean_c","lumMean_m",182,70,0.246993551958341,0.0868103080461039,113.474376928875,0.00526724097770791,-0.00296110103198469,0.00163764134702764,0.072305073619945,0.0582101847501035
"lumMean_t","lumMean_m",181,70,0.14470904288098,0.0331117903384335,77.5485051823077,3.80464965279403e-05,0.0014290315688054,0.00065260950022568,0.0298663641879282,0.198461795923611
"lumMean_o","lumMean_m",179,69,0.378434083915573,0.105742034558869,62.6181407960841,0.00067312439628508,0.0148010218304711,0.00215309239042858,1.06851622240761e-10,0.354880031096641
"area_mm2_w","lumMean_m",181,69,-105.698017207141,83.1325933959049,177.999999993782,0.205231375404957,-14.9137875682594,1.93844355747015,9.41649093564703e-13,0.308639218746816
"lumMean_c","lumMean_w",182,70,-0.00893125759660452,0.0146826788772398,175.209182332608,0.54378600853077,-0.00219221249856138,0.00208503717330893,0.294506618567605,0.00564747359962247
"lumMean_o","lumMean_w",180,70,0.0374288526464651,0.0193372974273645,175.828450109453,0.0545234930298756,0.0208343333508132,0.00272874209961718,1.35541167604409e-12,0.295432478321765
"lumMean_m","lumMean_w",181,69,-0.0167439455441978,0.0115732237574286,172.312655647364,0.149774329636327,0.00444002020469417,0.00165231828470072,0.00791074661745382,0.0678336130714326
"lumMean_t","lumMean_w",181,70,-0.00502252952613113,0.00598382306733555,173.9195862766,0.402424462482789,0.00182709273022412,0.00085018102770739,0.0329960484630084,0.0648359405311452
"lumMean_c","area_mm2_w",182,70,-1.87844411911927e-05,6.42834814637414e-05,175.533442471423,0.770469191145244,-0.00164756618269335,0.00187335556991017,0.380342438902296,0.00411936741861974
"lumMean_o","area_mm2_w",180,70,-2.94972051021628e-05,8.59961883635014e-05,173.473162669871,0.732009277592611,0.0167925476481817,0.00247968292170371,1.81922414420978e-10,0.275577810558063
"lumMean_m","area_mm2_w",181,69,-8.45310938585836e-05,5.06247645898795e-05,172.766906225136,0.0967781607374848,0.00467341018642473,0.00147771026837919,0.00184773298401001,0.0716726618948396
"lumMean_t","area_mm2_w",181,70,1.65224127944645e-05,2.61384542983226e-05,174.899802797443,0.528139556783608,0.00256723017801878,0.00076226290210974,0.000931326174338994,0.0637484867030124
